,Browser,Country,Date Submitted,Device,How did you hear about us?,OS,Source URL,User,Medium,OSGroup
0,Firefox 57.0,Indonesia,2018-01-05 01:35:47,desktop,Friends / Family -                                                     ,Windows 8.1,https://algorit.ma/,00000000,Friends / Family ,Windows
1,Safari 11.0.1,Indonesia,2018-01-05 04:25:43,desktop,Media Publishing,Mac OS X 10.13.1,https://algorit.ma/,00000000,Media Publishing,Mac
2,Chrome 63.0.3239,Indonesia,2018-01-05 16:36:25,desktop,Friends / Family -                                                     ,Windows 10,https://algorit.ma/,00000000,Friends / Family ,Windows
3,Chrome 62.0.3202,Indonesia,2018-01-06 16:40:16,desktop,Media Publishing,Windows 10,https://algorit.ma/,00000000,Media Publishing,Windows
4,Chrome 63.0.3239,Indonesia,2018-01-08 03:45:42,desktop,Search Engine,Windows 10,https://algorit.ma/,00000000,Search Engine,Windows
5,Chrome 63.0.3239,India,2018-01-09 10:58:08,desktop,Email,Windows 10,https://algorit.ma/,00000000,Email,Windows
6,Chrome 63.0.3239,India,2018-01-09 11:05:51,desktop,Others - ha ha                                                     ,Windows 7,https://algorit.ma/,00000000,Others ,Windows
7,Firefox 57.0,Indonesia,2018-01-09 11:12:03,desktop,Friends / Family -                                                     ,Windows 10,https://algorit.ma/,00000000,Friends / Family ,Windows
8,Chrome 63.0.3239,India,2018-01-09 11:46:05,desktop,Social Media / Online Ads,Windows 7,https://algorit.ma/,00000000,Social Media / Online Ads,Windows
9,Firefox 33.0,Indonesia,2018-01-10 02:28:54,desktop,Search Engine,Windows 8.1,https://algorit.ma/,00000000,Search Engine,Windows
10,Firefox Mobile 57.0,Indonesia,2018-01-10 05:55:50,tablet,Friends / Family -                                                     ,Android 7.0,https://algorit.ma/,00000000,Friends / Family ,Android
11,Chrome 63.0.3239,Indonesia,2018-01-10 06:21:17,desktop,Friends / Family -                                                     ,Mac OS X 10.12.6,https://algorit.ma/,00000000,Friends / Family ,Mac
12,Chrome 63.0.3239,Indonesia,2018-01-10 09:41:41,desktop,Search Engine,Mac OS X 10.13.1,https://algorit.ma/,00000000,Search Engine,Mac
13,Firefox 57.0,Indonesia,2018-01-10 15:52:28,desktop,Friends / Family -                                                     ,Windows 10,https://algorit.ma/,00000000,Friends / Family ,Windows
14,Chrome 63.0.3239,Indonesia,2018-01-11 06:28:11,desktop,Social Media / Online Ads,Windows 10,https://algorit.ma/,00000000,Social Media / Online Ads,Windows
15,Chrome 63.0.3239,Indonesia,2018-01-11 07:55:39,desktop,Others - tech in asia                                                    ,Windows 10,https://algorit.ma/,00000000,Others ,Windows
16,Chrome 63.0.3239,Indonesia,2018-01-11 09:00:47,desktop,Others - Tech in Asia                                                    ,Windows 10,https://algorit.ma/,00000000,Others ,Windows
17,Chrome Mobile 56.0.2924,Indonesia,2018-01-12 08:51:37,phone,Others -                                                     ,Android 7.1.1,https://algorit.ma/,00000000,Others ,Android
18,Chrome 63.0.3239,Indonesia,2018-01-12 15:32:26,desktop,Social Media / Online Ads,Windows 10,https://algorit.ma/,00000000,Social Media / Online Ads,Windows
19,Chrome 63.0.3239,Indonesia,2018-01-15 07:57:36,desktop,Search Engine,Windows 10,https://algorit.ma/,00000000,Search Engine,Windows
20,Chrome 63.0.3239,Indonesia,2018-01-16 03:03:03,desktop,Search Engine,Windows 10,https://algorit.ma/,00000000,Search Engine,Windows
21,Opera 50.0.2762,Indonesia,2018-01-16 14:17:57,desktop,Search Engine,Windows 7,https://algorit.ma/,00000000,Search Engine,Windows
22,Chrome 63.0.3239,Indonesia,2018-01-17 07:01:53,desktop,Search Engine,Windows 8.1,https://algorit.ma/,00000000,Search Engine,Windows
23,Chrome 49.0.2623,Indonesia,2018-01-17 09:05:57,desktop,Social Media / Online Ads,Windows XP,https://algorit.ma/,00000000,Social Media / Online Ads,Windows
24,Chrome Mobile 63.0.3239,Indonesia,2018-01-17 18:42:27,phone,Search Engine,Android 7.0,https://algorit.ma/,00000000,Search Engine,Android
25,Chrome 63.0.3239,Indonesia,2018-01-18 09:09:23,desktop,Media Publishing,Windows 7,https://algorit.ma/,00000000,Media Publishing,Windows
26,Chrome 63.0.3239,Indonesia,2018-01-19 11:18:50,desktop,Media Publishing,Windows 10,https://algorit.ma/,00000000,Media Publishing,Windows
27,Opera 50.0.2762,Indonesia,2018-01-20 01:42:34,desktop,Search Engine,Windows 7,https://algorit.ma/,00000000,Search Engine,Windows
28,Chrome 63.0.3239,Indonesia,2018-01-20 08:45:10,desktop,"Others - Machine Learning Workshop
",Windows 10,https://algorit.ma/,00000000,Others ,Windows
29,Chrome 63.0.3239,Indonesia,2018-01-21 09:40:30,desktop,Search Engine,Windows 10,https://algorit.ma/,00000000,Search Engine,Windows
30,Firefox 57.0,Indonesia,2018-01-23 11:02:12,desktop,Search Engine,Windows 7,https://algorit.ma/,00000000,Search Engine,Windows
31,Chrome 63.0.3239,Indonesia,2018-01-24 02:10:47,desktop,Friends / Family - The Body Shop,Windows 8.1,https://algorit.ma/,00000000,Friends / Family ,Windows
32,Chrome Mobile 63.0.3239,Indonesia,2018-01-24 09:47:50,phone,Media Publishing,Android 6.0.1,https://algorit.ma/,00000000,Media Publishing,Android
33,Chrome 63.0.3239,Indonesia,2018-01-24 23:49:14,desktop,Media Publishing,Windows 8.1,https://algorit.ma/,00000000,Media Publishing,Windows
34,Chrome 63.0.3239,Indonesia,2018-01-25 03:44:07,desktop,Media Publishing,Windows 10,https://algorit.ma/,00000000,Media Publishing,Windows
35,Chrome 53.0.2785,Indonesia,2018-01-25 03:59:37,desktop,Media Publishing,Windows 7,https://algorit.ma/,00000000,Media Publishing,Windows
36,Firefox 58.0,Indonesia,2018-01-25 04:02:22,desktop,Others - IDX Channel,Windows 10,https://algorit.ma/,00000000,Others ,Windows
37,Chrome 64.0.3282,Indonesia,2018-01-25 14:18:38,desktop,Search Engine,Windows 7,https://algorit.ma/,00000000,Search Engine,Windows
38,Chrome 63.0.3239,Indonesia,2018-01-25 16:13:34,desktop,Search Engine,Windows 7,https://algorit.ma/,00000000,Search Engine,Windows
39,Firefox 52.0,Indonesia,2018-01-26 02:53:59,desktop,Others - RFI,Windows XP,https://algorit.ma/,00000000,Others ,Windows
40,Edge 16.16299,Indonesia,2018-01-27 12:14:00,desktop,Friends / Family - Pak Andy,Windows 10,https://algorit.ma/,00000000,Friends / Family ,Windows
41,Chrome 63.0.3239,Indonesia,2018-01-27 18:38:40,tablet,Social Media / Online Ads,Android 4.4.2,https://algorit.ma/,00000000,Social Media / Online Ads,Android
42,Firefox 57.0,Indonesia,2018-01-29 03:59:15,desktop,Social Media / Online Ads,Windows 10,https://algorit.ma/,00000000,Social Media / Online Ads,Windows
43,Chrome 63.0.3239,Singapore,2018-01-29 09:06:21,desktop,Media Publishing,Windows 10,https://algorit.ma/,00000000,Media Publishing,Windows
44,Chrome Mobile 63.0.3239,Indonesia,2018-01-29 16:06:08,phone,Friends / Family - After interview for IDX Channel,Android 7.0,https://algorit.ma/,00000000,Friends / Family ,Android
45,Chrome 60.0.3112,Indonesia,2018-02-01 07:16:36,desktop,Media Publishing,Windows 7,https://algorit.ma/,00000000,Media Publishing,Windows
46,Chrome 63.0.3239,Indonesia,2018-02-02 06:00:26,desktop,Social Media / Online Ads,Windows 10,https://algorit.ma/,00000000,Social Media / Online Ads,Windows
47,Firefox 58.0,Indonesia,2018-02-02 07:32:25,desktop,Search Engine,Windows 10,https://algorit.ma/,00000000,Search Engine,Windows
48,Chrome 63.0.3239,Indonesia,2018-02-03 08:52:02,desktop,Media Publishing,Windows 7,https://algorit.ma/,00000000,Media Publishing,Windows
49,Mobile Safari 11.0,Indonesia,2018-02-04 14:41:01,tablet,Social Media / Online Ads,iOS 11.2.2,https://algorit.ma/,00000000,Social Media / Online Ads,iOS
50,Chrome Mobile 64.0.3282,Indonesia,2018-02-05 12:21:44,phone,Media Publishing,Android 6.0,https://algorit.ma/,00000000,Media Publishing,Android
51,Chrome 64.0.3282,Indonesia,2018-02-06 14:52:55,desktop,Search Engine,Windows 10,https://algorit.ma/,00000000,Search Engine,Windows
52,Opera 50.0.2762,Indonesia,2018-02-07 04:22:42,desktop,Others - Australia-Indonesia Digital Forum 2018,Windows 10,https://algorit.ma/,00000000,Others ,Windows
53,Firefox 57.0,Indonesia,2018-02-07 07:17:05,desktop,Social Media / Online Ads,Windows 7,https://algorit.ma/,00000000,Social Media / Online Ads,Windows
54,Chrome 63.0.3239,Indonesia,2018-02-08 02:03:24,desktop,Social Media / Online Ads,Windows 10,https://algorit.ma/,00000000,Social Media / Online Ads,Windows
55,Chrome 63.0.3239,Indonesia,2018-02-08 08:25:35,desktop,Others - eventbrite,Windows 10,https://algorit.ma/,00000000,Others ,Windows
56,Chrome 63.0.3239,Indonesia,2018-02-08 08:31:52,desktop,Friends / Family - varyan,Windows 10,https://algorit.ma/,00000000,Friends / Family ,Windows
57,Chrome 55.0.2883,Indonesia,2018-02-09 03:08:13,desktop,Social Media / Online Ads,Windows 10,https://algorit.ma/,00000000,Social Media / Online Ads,Windows
58,Chrome Mobile 64.0.3282,Indonesia,2018-02-09 12:26:47,phone,Others - From DS,Android 7.1.2,https://algorit.ma/,00000000,Others ,Android
59,Chrome Mobile 64.0.3282,Indonesia,2018-02-10 11:09:46,phone,Social Media / Online Ads,Android 7.1.1,https://algorit.ma/,00000000,Social Media / Online Ads,Android
60,Chrome 63.0.3239,Indonesia,2018-02-12 03:53:23,desktop,Media Publishing,Windows 7,https://algorit.ma/,00000000,Media Publishing,Windows
61,Chrome 63.0.3239,Indonesia,2018-02-12 04:10:57,desktop,Email,Windows 7,https://algorit.ma/?utm_source=Newsletter,00000000,Email,Windows
62,Chrome 63.0.3239,Indonesia,2018-02-12 04:38:29,desktop,Social Media / Online Ads,Windows 8.1,https://algorit.ma/,00000000,Social Media / Online Ads,Windows
63,Chrome 64.0.3282,Indonesia,2018-02-12 07:13:18,desktop,Media Publishing,Windows 10,https://algorit.ma/,00000000,Media Publishing,Windows
64,Chrome 64.0.3282,Indonesia,2018-02-12 09:40:46,desktop,Search Engine,Windows 10,https://algorit.ma/,00000000,Search Engine,Windows
65,Chrome 63.0.3239,Indonesia,2018-02-12 19:15:06,desktop,Search Engine,Windows 7,https://algorit.ma/,00000000,Search Engine,Windows
66,Chrome 62.0.3202,Indonesia,2018-02-13 11:09:21,desktop,Search Engine,Windows 10,https://algorit.ma/,00000000,Search Engine,Windows
67,Chrome 63.0.3239,Indonesia,2018-02-13 17:33:43,desktop,Social Media / Online Ads,Windows 7,https://algorit.ma/,00000000,Social Media / Online Ads,Windows
68,Chrome 64.0.3282,Indonesia,2018-02-14 23:51:35,desktop,Search Engine,Windows 10,https://algorit.ma/,00000000,Search Engine,Windows
69,Firefox 59.0,Indonesia,2018-02-16 06:47:38,desktop,Search Engine,Windows 8.1,https://algorit.ma/,00000000,Search Engine,Windows
70,Safari 11.0.3,Indonesia,2018-02-17 08:02:17,desktop,Media Publishing,Mac OS X 10.13.3,https://algorit.ma/,00000000,Media Publishing,Mac
71,Firefox 58.0,Indonesia,2018-02-18 04:18:07,desktop,Social Media / Online Ads,Windows 7,https://algorit.ma/,00000000,Social Media / Online Ads,Windows
72,Chrome 64.0.3282,Indonesia,2018-02-19 03:57:20,desktop,Email,Windows 7,https://algorit.ma/,00000000,Email,Windows
73,Chrome 64.0.3282,Indonesia,2018-02-19 04:15:27,desktop,Search Engine,Windows 7,https://algorit.ma/,00000000,Search Engine,Windows
74,Firefox 56.0.4,Indonesia,2018-02-19 16:32:52,desktop,Others - T-shirt,Windows 7,https://algorit.ma/,00000000,Others ,Windows
75,Firefox 58.0,Indonesia,2018-02-19 22:22:40,desktop,Social Media / Online Ads,Windows 8.1,https://algorit.ma/,00000000,Social Media / Online Ads,Windows
76,Chrome 64.0.3282,Indonesia,2018-02-20 06:24:49,desktop,Social Media / Online Ads,Windows 7,https://algorit.ma/,00000000,Social Media / Online Ads,Windows
77,Firefox 52.0,Indonesia,2018-02-20 08:52:47,desktop,Social Media / Online Ads,Windows 10,https://algorit.ma/,00000000,Social Media / Online Ads,Windows
78,Chrome 64.0.3282,Indonesia,2018-02-20 15:01:33,desktop,Media Publishing,Windows 10,https://algorit.ma/,00000000,Media Publishing,Windows
79,Firefox 58.0,Indonesia,2018-02-21 07:13:01,desktop,Search Engine,Ubuntu,https://algorit.ma/,00000000,Search Engine,Linux
80,Chrome 64.0.3282,Indonesia,2018-02-21 08:35:09,desktop,Search Engine,Windows 10,https://algorit.ma/,00000000,Search Engine,Windows
81,Firefox 57.0,Indonesia,2018-02-21 09:16:14,desktop,Search Engine,Windows 8.1,https://algorit.ma/,00000000,Search Engine,Windows
82,Chrome 63.0.3239,Indonesia,2018-02-22 04:23:35,desktop,Friends / Family - algorit.ma,Windows 7,https://algorit.ma/,00000000,Friends / Family ,Windows
83,Safari 11.0.3,Indonesia,2018-02-23 01:14:42,desktop,Others - eventbrite,Mac OS X 10.13.3,https://algorit.ma/,00000000,Others ,Mac
84,Chrome 64.0.3282,Indonesia,2018-02-23 06:35:26,desktop,Social Media / Online Ads,Linux,https://algorit.ma/,00000000,Social Media / Online Ads,Linux
85,Chrome 64.0.3282,Indonesia,2018-02-23 07:25:53,desktop,Media Publishing,Windows 7,https://algorit.ma/,00000000,Media Publishing,Windows
86,Chrome 63.0.3239,Indonesia,2018-02-25 00:55:55,desktop,Social Media / Online Ads,Windows 7,https://algorit.ma/,00000000,Social Media / Online Ads,Windows
87,Chrome 62.0.3202,Indonesia,2018-02-26 04:30:05,desktop,Search Engine,Linux,https://algorit.ma/,00000000,Search Engine,Linux
88,Edge 16.16299,Indonesia,2018-02-27 01:19:46,desktop,Others - workshop,Windows 10,https://algorit.ma/,00000000,Others ,Windows
89,Chrome 63.0.3239,Indonesia,2018-02-27 02:13:43,desktop,Others - koinworks,Windows 7,https://algorit.ma/,00000000,Others ,Windows
90,Firefox 58.0,Indonesia,2018-02-27 02:58:51,desktop,Others - IDEA,Windows 7,https://algorit.ma/,00000000,Others ,Windows
91,Chrome 64.0.3282,Indonesia,2018-02-27 03:12:59,desktop,Social Media / Online Ads,Windows 10,https://algorit.ma/,00000000,Social Media / Online Ads,Windows
92,Chrome 63.0.3239,Indonesia,2018-02-28 10:41:26,desktop,Social Media / Online Ads,Windows 7,https://algorit.ma/,00000000,Social Media / Online Ads,Windows
93,Chrome 64.0.3282,Indonesia,2018-02-28 13:46:05,desktop,Social Media / Online Ads,Windows 10,https://algorit.ma/,00000000,Social Media / Online Ads,Windows
94,Firefox 58.0,Australia,2018-03-02 10:09:52,desktop,Social Media / Online Ads,Windows 10,https://algorit.ma/,00000000,Social Media / Online Ads,Windows
95,Chrome 64.0.3282,Indonesia,2018-03-05 10:18:52,desktop,Media Publishing,Mac OS X 10.11.5,https://algorit.ma/,00000000,Media Publishing,Mac
96,Firefox 58.0,Indonesia,2018-03-05 15:13:15,desktop,Media Publishing,Windows 10,https://algorit.ma/,00000000,Media Publishing,Windows
97,Chrome 64.0.3282,Indonesia,2018-03-06 06:21:18,desktop,Social Media / Online Ads,Windows 10,https://algorit.ma/,00000000,Social Media / Online Ads,Windows
98,Chrome 64.0.3282,Indonesia,2018-03-06 19:00:39,desktop,Social Media / Online Ads,Windows 8.1,https://algorit.ma/,00000000,Social Media / Online Ads,Windows
99,Chrome 64.0.3282,Indonesia,2018-03-06 19:00:47,desktop,Social Media / Online Ads,Mac OS X 10.13.1,https://algorit.ma/,00000000,Social Media / Online Ads,Mac
100,Chrome 64.0.3282,Indonesia,2018-03-06 19:00:48,desktop,Media Publishing,Windows 7,https://algorit.ma/,00000000,Media Publishing,Windows
101,Firefox 58.0,Indonesia,2018-03-07 19:53:12,desktop,Search Engine,Windows 10,https://algorit.ma/,00000000,Search Engine,Windows
102,Chrome 64.0.3282,Indonesia,2018-03-09 08:37:35,desktop,"Friends / Family - A friend suggested to check out algoritma, which I am doing now.",Mac OS X 10.13.3,https://algorit.ma/,00000000,Friends / Family ,Mac
103,Chrome 64.0.3282,Indonesia,2018-03-12 20:13:14,desktop,Others - Went to seminar from Iykra at Block 71,Windows 10,https://algorit.ma/,00000000,Others ,Windows
104,Firefox 56.0,Indonesia,2018-03-13 18:26:08,desktop,Others - Purwadhika techwave,Windows 10,https://algorit.ma/,00000000,Others ,Windows
105,Firefox 58.0,Indonesia,2018-03-15 07:35:31,desktop,Social Media / Online Ads,Windows 10,https://algorit.ma/?user_ref=www.kalibrr.id_organic_job-board__1,00000000,Social Media / Online Ads,Windows
106,Chrome 64.0.3282,Indonesia,2018-03-15 12:43:36,desktop,Social Media / Online Ads,Windows 8.1,https://algorit.ma/?user_ref=www.kalibrr.com_organic_candidate__saved-jobs,00000000,Social Media / Online Ads,Windows
107,Chrome Mobile 65.0.3325,Indonesia,2018-03-17 10:18:37,phone,Social Media / Online Ads,Android 7.1.1,https://algorit.ma/,00000000,Social Media / Online Ads,Android
108,Safari 11.0.3,Indonesia,2018-03-18 05:56:50,desktop,Search Engine,Mac OS X 10.12.6,https://algorit.ma/,00000000,Search Engine,Mac
109,Chrome 65.0.3325,Indonesia,2018-03-18 13:57:18,desktop,Search Engine,Mac OS X 10.13.3,https://algorit.ma/,00000000,Search Engine,Mac
110,Chrome 64.0.3282,Indonesia,2018-03-19 14:48:52,desktop,Search Engine,Windows 7,https://algorit.ma/,00000000,Search Engine,Windows
111,Chrome 64.0.3282,Indonesia,2018-03-20 10:40:28,desktop,Search Engine,Windows 10,https://algorit.ma/,00000000,Search Engine,Windows
112,Chrome 64.0.3282,Indonesia,2018-03-20 11:23:00,desktop,Others - Binus University,Windows 10,https://algorit.ma/,00000000,Others ,Windows
113,Firefox 58.0,Indonesia,2018-03-20 11:49:27,desktop,Media Publishing,Windows 7,https://algorit.ma/,00000000,Media Publishing,Windows
114,Opera 51.0.2830,Indonesia,2018-03-22 02:28:08,desktop,Email,Windows 7,https://algorit.ma/?inf_contact_key=13a1300ae9d3f2bbece7d2e22fbc73582a9304a4752c602625a45bd2679c433e,00000000,Email,Windows
115,Chrome 64.0.3282,Indonesia,2018-03-22 02:38:24,desktop,Email,Windows 10,https://algorit.ma/,00000000,Email,Windows
116,Chrome 65.0.3325,Indonesia,2018-03-22 12:50:59,desktop,Email,Windows 10,https://algorit.ma/,00000000,Email,Windows
117,Firefox 59.0,Indonesia,2018-03-23 01:45:25,desktop,Others - Telegroup Data Science,Windows 7,https://algorit.ma/,00000000,Others ,Windows
118,Chrome 65.0.3325,Indonesia,2018-03-23 11:42:59,desktop,Social Media / Online Ads,Mac OS X 10.13.3,https://algorit.ma/,00000000,Social Media / Online Ads,Mac
119,Opera 51.0.2830,Indonesia,2018-03-23 13:37:28,desktop,Social Media / Online Ads,Windows 10,https://algorit.ma/,00000000,Social Media / Online Ads,Windows
120,Chrome 65.0.3325,Indonesia,2018-03-24 02:30:17,desktop,Media Publishing,Windows 7,https://algorit.ma/,00000000,Media Publishing,Windows
121,Edge 16.16299,Indonesia,2018-03-24 05:55:48,desktop,Social Media / Online Ads,Windows 10,https://algorit.ma/,00000000,Social Media / Online Ads,Windows
122,Chrome 65.0.3325,India,2018-03-25 09:05:40,desktop,Media Publishing,Windows 10,https://algorit.ma/,00000000,Media Publishing,Windows
123,Chrome 65.0.3325,Indonesia,2018-03-25 16:49:47,desktop,Social Media / Online Ads,Windows 10,https://algorit.ma/,00000000,Social Media / Online Ads,Windows
124,Chrome 65.0.3325,Indonesia,2018-03-26 14:48:50,desktop,Social Media / Online Ads,Windows 10,https://algorit.ma/,00000000,Social Media / Online Ads,Windows
125,Chrome 63.0.3239,Indonesia,2018-03-27 05:35:28,desktop,Media Publishing,Windows 10,https://algorit.ma/,00000000,Media Publishing,Windows
126,Firefox 59.0,Indonesia,2018-03-27 05:56:05,desktop,Others - gojek,Ubuntu,https://algorit.ma/,00000000,Others ,Linux
127,Chrome 65.0.3325,Indonesia,2018-03-28 06:05:55,desktop,Media Publishing,Windows 8.1,https://algorit.ma/,00000000,Media Publishing,Windows
128,Mobile Safari 11.0,Indonesia,2018-03-28 11:07:28,phone,Email,iOS 11.2.6,https://algorit.ma/,00000000,Email,iOS
129,Chrome 64.0.3282,Indonesia,2018-03-29 10:32:27,desktop,Social Media / Online Ads,Windows 10,https://algorit.ma/,00000000,Social Media / Online Ads,Windows
130,Chrome 65.0.3325,Indonesia,2018-03-30 00:25:52,desktop,Media Publishing,Windows 10,https://algorit.ma/,00000000,Media Publishing,Windows
131,Chrome 65.0.3325,Indonesia,2018-04-03 10:25:58,desktop,Search Engine,Windows 8.1,https://algorit.ma/,00000000,Search Engine,Windows
132,Firefox 59.0,Indonesia,2018-04-04 10:15:59,desktop,Media Publishing,Ubuntu,https://algorit.ma/,00000000,Media Publishing,Linux
133,Firefox 59.0,Indonesia,2018-04-04 16:19:05,desktop,Others - hacktiv8,Ubuntu,https://algorit.ma/,00000000,Others ,Linux
134,Chrome Mobile 65.0.3325,Indonesia,2018-04-05 01:21:32,phone,Media Publishing,Android 7.0,https://algorit.ma/,00000000,Media Publishing,Android
135,Chrome 65.0.3325,Indonesia,2018-04-05 03:22:51,desktop,Search Engine,Windows 10,https://algorit.ma/,00000000,Search Engine,Windows
136,Chrome 65.0.3325,Indonesia,2018-04-05 08:31:34,desktop,Media Publishing,Windows 10,https://algorit.ma/,00000000,Media Publishing,Windows
137,Chrome 65.0.3325,Indonesia,2018-04-06 01:57:02,desktop,Media Publishing,Mac OS X 10.10.5,https://algorit.ma/,00000000,Media Publishing,Mac
138,Chrome 58.0.3029,Indonesia,2018-04-09 02:19:01,desktop,Media Publishing,Windows 7,https://algorit.ma/,00000000,Media Publishing,Windows
139,Chrome 65.0.3325,Indonesia,2018-04-10 03:31:53,desktop,Email,Windows 7,https://algorit.ma/?inf_contact_key=ba00b41a9f59b020c0f53757b5384dcef91869197c21074e800d9aa44cfb264b,00000000,Email,Windows
140,Chrome 31.0.1650,Indonesia,2018-04-10 04:36:25,desktop,Search Engine,Windows 7,https://algorit.ma/,00000000,Search Engine,Windows
141,Chrome 65.0.3325,Indonesia,2018-04-11 02:00:09,desktop,Media Publishing,Windows 7,https://algorit.ma/,00000000,Media Publishing,Windows
142,Firefox 56.0,Indonesia,2018-04-11 04:38:05,desktop,Search Engine,Windows 10,https://algorit.ma/,00000000,Search Engine,Windows
143,Chrome 65.0.3325,Indonesia,2018-04-11 06:40:37,desktop,Media Publishing,Windows 10,https://algorit.ma/,00000000,Media Publishing,Windows
144,Chrome 65.0.3325,Indonesia,2018-04-12 06:08:33,desktop,Search Engine,Windows 10,https://algorit.ma/,00000000,Search Engine,Windows
145,Edge 16.16299,Indonesia,2018-04-12 06:11:27,desktop,Social Media / Online Ads,Windows 10,https://algorit.ma/,00000000,Social Media / Online Ads,Windows
146,Firefox 50.0,Indonesia,2018-04-12 07:06:33,desktop,Social Media / Online Ads,Windows 10,https://algorit.ma/,00000000,Social Media / Online Ads,Windows
147,Chrome 65.0.3325,Indonesia,2018-04-12 08:31:49,desktop,Search Engine,Windows 10,https://algorit.ma/,00000000,Search Engine,Windows
148,Chrome 44.0.2403,Malaysia,2018-04-13 02:06:23,desktop,Friends / Family - azera,Chrome OS 7077.134.0,https://algorit.ma/,00000000,Friends / Family ,Linux
149,Chrome 55.0.2883,Indonesia,2018-04-13 07:05:48,desktop,Search Engine,Windows 10,https://algorit.ma/,00000000,Search Engine,Windows
150,Chrome 65.0.3325,Indonesia,2018-04-13 15:10:08,desktop,Social Media / Online Ads,Windows 10,https://algorit.ma/,00000000,Social Media / Online Ads,Windows
151,Chrome 65.0.3325,India,2018-04-15 09:42:38,desktop,Search Engine,Windows 10,https://algorit.ma/,00000000,Search Engine,Windows
152,Opera 52.0.2871,Indonesia,2018-04-17 00:52:56,desktop,Media Publishing,Windows 7,https://algorit.ma/,00000000,Media Publishing,Windows
153,Chrome 65.0.3325,Indonesia,2018-04-17 04:06:19,desktop,Media Publishing,Mac OS X 10.12.6,https://algorit.ma/,00000000,Media Publishing,Mac
154,Chrome 65.0.3325,Indonesia,2018-04-17 07:05:10,desktop,Email,Windows 7,https://algorit.ma/,00000000,Email,Windows
155,Chrome 65.0.3325,Indonesia,2018-04-18 12:59:21,desktop,Friends / Family - from a friend,Windows 10,https://algorit.ma/,00000000,Friends / Family ,Windows
156,Chrome 66.0.3359,Indonesia,2018-04-20 03:24:37,desktop,Email,Windows 7,https://algorit.ma/,90ff7191,Email,Windows
157,Chrome 65.0.3325,Indonesia,2018-04-23 07:44:14,desktop,Others - Gojek,Windows 10,https://algorit.ma/,3dc09927,Others ,Windows
158,Chrome 66.0.3359,Indonesia,2018-04-23 16:48:55,desktop,Social Media / Online Ads,Windows 10,https://algorit.ma/,a86010b3,Social Media / Online Ads,Windows
159,Firefox 58.0,Indonesia,2018-04-24 03:27:30,desktop,Others - GOJEK,Windows 10,https://algorit.ma/,82d6541a,Others ,Windows
160,Chrome 65.0.3325,Indonesia,2018-04-24 06:43:27,desktop,Social Media / Online Ads,Windows 10,https://algorit.ma/,c3fc6a1b,Social Media / Online Ads,Windows
161,Chrome 65.0.3325,Indonesia,2018-04-25 00:52:57,desktop,Media Publishing,Windows 10,https://algorit.ma/,6dd56492,Media Publishing,Windows
162,Chrome Mobile 64.0.3282,Indonesia,2018-04-25 13:54:31,phone,Social Media / Online Ads,Android 4.4.4,https://algorit.ma/,2463c83b,Social Media / Online Ads,Android
163,Chrome 65.0.3325,Indonesia,2018-04-28 06:05:45,tablet,Others - Gojek,Android 7.0,https://algorit.ma/,b94f79e8,Others ,Android
164,Opera 52.0.2871,Indonesia,2018-04-30 12:10:29,desktop,Social Media / Online Ads,Windows 7,https://algorit.ma/,2f906f70,Social Media / Online Ads,Windows
165,Chrome 66.0.3359,Indonesia,2018-05-02 01:27:28,desktop,Search Engine,Windows 10,https://algorit.ma/,7d7a2de4,Search Engine,Windows
166,Chrome 66.0.3359,Indonesia,2018-05-02 08:00:36,desktop,Search Engine,Windows 7,https://algorit.ma/,6b8df514,Search Engine,Windows
167,Chrome 66.0.3359,Indonesia,2018-05-02 08:15:26,desktop,Search Engine,Mac OS X 10.10.5,https://algorit.ma/,5970e0bd,Search Engine,Mac
168,Chrome 66.0.3359,Indonesia,2018-05-03 07:36:04,desktop,Social Media / Online Ads,Windows 10,https://algorit.ma/,00000000,Social Media / Online Ads,Windows
169,Chrome 66.0.3359,Indonesia,2018-05-03 11:07:25,desktop,Media Publishing,Windows 10,https://algorit.ma/,00000000,Media Publishing,Windows
170,Chrome 66.0.3359,Indonesia,2018-05-04 04:36:37,desktop,Social Media / Online Ads,Windows 10,https://algorit.ma/,00000000,Social Media / Online Ads,Windows
171,Chrome 66.0.3359,Indonesia,2018-05-04 11:40:07,desktop,Search Engine,Mac OS X 10.13.3,https://algorit.ma/,00000000,Search Engine,Mac
172,Firefox 60.0,Indonesia,2018-05-04 18:48:24,desktop,Social Media / Online Ads,Windows 10,https://algorit.ma/,00000000,Social Media / Online Ads,Windows
173,Chrome 66.0.3359,Indonesia,2018-05-05 11:34:19,desktop,Others - talkshow internship,Windows 10,https://algorit.ma/,00000000,Others ,Windows
174,Chrome 66.0.3359,Indonesia,2018-05-06 18:31:00,desktop,Media Publishing,Windows 7,https://algorit.ma/,00000000,Media Publishing,Windows
175,Firefox 59.0,Indonesia,2018-05-06 23:24:50,desktop,Media Publishing,Windows 10,https://algorit.ma/,00000000,Media Publishing,Windows
176,Chrome 59.0.3071,Singapore,2018-05-07 06:10:33,desktop,Search Engine,Windows 10,https://algorit.ma/,00000000,Search Engine,Windows
177,Chrome 66.0.3359,Indonesia,2018-05-07 22:45:45,desktop,Search Engine,Windows 7,https://algorit.ma/,00000000,Search Engine,Windows
178,Chrome 66.0.3359,Indonesia,2018-05-08 13:35:51,desktop,Search Engine,Windows 8.1,https://algorit.ma/,00000000,Search Engine,Windows
179,Chrome 64.0.3282,Indonesia,2018-05-09 02:14:27,desktop,Media Publishing,Windows 10,https://algorit.ma/,00000000,Media Publishing,Windows
180,Chrome 66.0.3359,Indonesia,2018-05-09 04:02:58,desktop,Search Engine,Windows 8.1,https://algorit.ma/,00000000,Search Engine,Windows
181,Edge 16.16299,Indonesia,2018-05-09 04:35:07,desktop,Search Engine,Windows 10,https://algorit.ma/,00000000,Search Engine,Windows
182,Chrome 66.0.3359,Indonesia,2018-05-10 10:45:48,desktop,Search Engine,Windows 10,https://algorit.ma/,00000000,Search Engine,Windows
183,Chrome 48.0.2540,Indonesia,2018-05-12 15:23:37,desktop,Search Engine,Windows 7,https://algorit.ma/,00000000,Search Engine,Windows
184,Chrome 66.0.3359,Indonesia,2018-05-14 19:00:22,desktop,Search Engine,Windows 7,https://algorit.ma/,00000000,Search Engine,Windows
185,Chrome 66.0.3359,Indonesia,2018-05-15 01:52:32,desktop,Search Engine,Windows 10,https://algorit.ma/,00000000,Search Engine,Windows
186,Chrome 66.0.3359,Indonesia,2018-05-15 10:41:02,desktop,Social Media / Online Ads,Windows 7,https://algorit.ma/,00000000,Social Media / Online Ads,Windows
187,Firefox 59.0,Indonesia,2018-05-16 03:46:52,desktop,Social Media / Online Ads,Windows 7,https://algorit.ma/,00000000,Social Media / Online Ads,Windows
188,Chrome 66.0.3359,Indonesia,2018-05-16 08:26:33,desktop,Social Media / Online Ads,Windows 10,https://algorit.ma/,00000000,Social Media / Online Ads,Windows
189,Chrome 66.0.3359,Indonesia,2018-05-16 13:53:50,desktop,Search Engine,Windows 10,https://algorit.ma/,00000000,Search Engine,Windows
190,Chrome 66.0.3359,Indonesia,2018-05-17 03:04:53,desktop,Media Publishing,Windows 10,https://algorit.ma/,00000000,Media Publishing,Windows
191,Chrome 66.0.3359,Indonesia,2018-05-17 03:53:48,desktop,Social Media / Online Ads,Windows 7,https://algorit.ma/,00000000,Social Media / Online Ads,Windows
192,Chrome 66.0.3359,Indonesia,2018-05-17 05:33:59,desktop,Media Publishing,Windows 7,https://algorit.ma/,00000000,Media Publishing,Windows
193,Chrome 66.0.3359,Indonesia,2018-05-18 08:47:00,desktop,Social Media / Online Ads,Windows 10,https://algorit.ma/,00000000,Social Media / Online Ads,Windows
194,Firefox 60.0,Indonesia,2018-05-19 15:58:11,desktop,Social Media / Online Ads,Windows 7,https://algorit.ma/,00000000,Social Media / Online Ads,Windows
195,Firefox 58.0,Indonesia,2018-05-20 10:43:10,desktop,Search Engine,Ubuntu,https://algorit.ma/,00000000,Search Engine,Linux
196,Chrome 64.0.3282,Indonesia,2018-05-20 13:06:43,desktop,Search Engine,Windows 7,https://algorit.ma/,00000000,Search Engine,Windows
197,Chrome 66.0.3359,,2018-05-21 04:13:31,desktop,Search Engine,Windows 7,https://algorit.ma/,00000000,Search Engine,Windows
198,Chrome 66.0.3359,Indonesia,2018-05-21 04:37:57,desktop,Search Engine,Windows 10,https://algorit.ma/,00000000,Search Engine,Windows
199,Chrome 66.0.3359,Indonesia,2018-05-21 04:43:47,desktop,Social Media / Online Ads,Windows 8.1,https://algorit.ma/,00000000,Social Media / Online Ads,Windows
200,Firefox 60.0,Indonesia,2018-05-21 09:16:44,desktop,Search Engine,Ubuntu,https://algorit.ma/,00000000,Search Engine,Linux
201,Chrome 66.0.3359,Indonesia,2018-05-21 11:27:13,desktop,Search Engine,Windows 10,https://algorit.ma/,00000000,Search Engine,Windows
202,Chrome 66.0.3359,Indonesia,2018-05-22 01:21:08,desktop,Others - kalibrr.com,Windows 10,https://algorit.ma/?user_ref=www.kalibrr.com_organic_job-board__1,00000000,Others ,Windows
203,Firefox 60.0,Indonesia,2018-05-22 05:32:14,desktop,Search Engine,Windows 7,https://algorit.ma/,00000000,Search Engine,Windows
204,Chrome 66.0.3359,Malaysia,2018-05-22 12:16:29,desktop,Search Engine,Windows 7,https://algorit.ma/,00000000,Search Engine,Windows
205,Chrome Mobile 56.0.2924,Indonesia,2018-05-22 23:38:40,phone,Others - go-points,Android 5.1.1,https://algorit.ma/,00000000,Others ,Android
206,Chrome 66.0.3359,Indonesia,2018-05-23 10:02:35,desktop,Search Engine,Windows 7,https://algorit.ma/,00000000,Search Engine,Windows
207,Edge 15.15063,Indonesia,2018-05-23 23:21:21,desktop,Search Engine,Windows 10,https://algorit.ma/,00000000,Search Engine,Windows
208,Chrome 66.0.3359,Indonesia,2018-05-24 17:44:38,desktop,Social Media / Online Ads,Windows 8.1,https://algorit.ma/,00000000,Social Media / Online Ads,Windows
209,Chrome 66.0.3359,Indonesia,2018-05-25 06:06:12,desktop,Email,Windows 8.1,https://algorit.ma/,00000000,Email,Windows
210,Chrome 66.0.3359,Indonesia,2018-05-25 08:29:43,desktop,Media Publishing,Windows 7,https://algorit.ma/,00000000,Media Publishing,Windows
211,Chrome 66.0.3359,Indonesia,2018-05-25 13:10:53,desktop,Others - Startup Career fair post,Windows 8.1,https://algorit.ma/,00000000,Others ,Windows
212,Chrome Mobile 66.0.3359,Indonesia,2018-05-26 08:33:19,phone,Social Media / Online Ads,Android 7.1.2,https://algorit.ma/,00000000,Social Media / Online Ads,Android
213,Chrome 66.0.3359,Indonesia,2018-05-26 12:15:33,desktop,Search Engine,Windows 10,https://algorit.ma/,00000000,Search Engine,Windows
214,Safari 11.1,Indonesia,2018-05-28 02:55:43,desktop,Social Media / Online Ads,Mac OS X 10.13.4,https://algorit.ma/,00000000,Social Media / Online Ads,Mac
215,Chrome 66.0.3359,Indonesia,2018-05-28 06:48:37,desktop,Media Publishing,Windows 8.1,https://algorit.ma/,00000000,Media Publishing,Windows
216,Chrome 66.0.3359,Indonesia,2018-05-28 07:47:34,desktop,Media Publishing,Windows 10,https://algorit.ma/,00000000,Media Publishing,Windows
217,Chrome 66.0.3359,Indonesia,2018-05-28 15:58:13,desktop,Search Engine,Windows 10,https://algorit.ma/,00000000,Search Engine,Windows
218,Chrome 66.0.3359,Indonesia,2018-05-29 03:49:04,desktop,Search Engine,Windows 10,https://algorit.ma/,00000000,Search Engine,Windows
219,Chrome 66.0.3359,Indonesia,2018-05-29 14:35:03,desktop,Media Publishing,Windows 10,https://algorit.ma/,00000000,Media Publishing,Windows
220,Firefox 60.0,Indonesia,2018-05-30 03:18:01,desktop,Email,Windows 10,https://algorit.ma/,00000000,Email,Windows
221,Chrome 66.0.3359,Indonesia,2018-05-31 03:03:27,desktop,Others - dari orang lewat pake baju algorit.ma,Windows 10,https://algorit.ma/,00000000,Others ,Windows
222,Firefox 60.0,Indonesia,2018-05-31 03:44:41,desktop,Search Engine,Windows 7,https://algorit.ma/,00000000,Search Engine,Windows
223,Chrome 64.0.3282,Indonesia,2018-05-31 05:49:42,tablet,Social Media / Online Ads,Android 7.0,https://algorit.ma/,00000000,Social Media / Online Ads,Android
224,Firefox 60.0,Indonesia,2018-05-31 06:43:14,desktop,Social Media / Online Ads,Windows 10,https://algorit.ma/,00000000,Social Media / Online Ads,Windows
225,Chrome 66.0.3359,Indonesia,2018-06-03 01:31:30,desktop,Search Engine,Windows 8.1,https://algorit.ma/,00000000,Search Engine,Windows
226,Chrome 66.0.3359,Indonesia,2018-06-05 03:34:01,desktop,Search Engine,Windows 7,https://algorit.ma/,00000000,Search Engine,Windows
227,Chrome 66.0.3359,Indonesia,2018-06-05 09:37:20,desktop,Social Media / Online Ads,Windows 10,https://algorit.ma/,00000000,Social Media / Online Ads,Windows
228,Firefox 37.0,Indonesia,2018-06-05 09:49:01,desktop,Social Media / Online Ads,Windows 7,https://algorit.ma/,00000000,Social Media / Online Ads,Windows
229,Chrome 67.0.3396,Indonesia,2018-06-08 11:26:43,desktop,Friends / Family - gf,Mac OS X 10.13.5,https://algorit.ma/,00000000,Friends / Family ,Mac
230,Chrome 67.0.3396,Indonesia,2018-06-09 04:17:31,desktop,Media Publishing,Windows 7,https://algorit.ma/,00000000,Media Publishing,Windows
231,Chrome 67.0.3396,Indonesia,2018-06-10 15:46:55,desktop,Search Engine,Windows 7,https://algorit.ma/,00000000,Search Engine,Windows
232,Firefox 60.0,Indonesia,2018-06-11 07:57:13,desktop,Others - techinasia,Windows 8.1,https://algorit.ma/,00000000,Others ,Windows
233,Chrome 67.0.3396,Indonesia,2018-06-12 04:10:15,desktop,Social Media / Online Ads,Windows 7,https://algorit.ma/,00000000,Social Media / Online Ads,Windows
234,Chrome 67.0.3396,Indonesia,2018-06-13 12:37:34,desktop,Social Media / Online Ads,Windows 10,https://algorit.ma/,00000000,Social Media / Online Ads,Windows
235,Chrome 67.0.3396,Indonesia,2018-06-17 19:58:51,desktop,Media Publishing,Windows 10,https://algorit.ma/,00000000,Media Publishing,Windows
236,Chrome Mobile 67.0.3396,Indonesia,2018-06-19 05:02:48,phone,Social Media / Online Ads,Android 7.0,https://algorit.ma/,00000000,Social Media / Online Ads,Android
237,Firefox 47.0,Indonesia,2018-06-20 02:52:32,desktop,Search Engine,Windows 7,https://algorit.ma/,00000000,Search Engine,Windows
238,Safari 11.1.1,Singapore,2018-06-21 06:52:00,desktop,"Others - unbound
",Mac OS X 10.13.5,https://algorit.ma/,00000000,Others ,Mac
239,Chrome 67.0.3396,Netherlands,2018-06-22 08:55:28,desktop,Search Engine,Mac OS X 10.13.5,https://algorit.ma/,00000000,Search Engine,Mac
240,Mobile Safari 11.0,Indonesia,2018-06-22 14:40:20,phone,Friends / Family - from uncle nayoko. ,iOS 11.4,https://algorit.ma/,00000000,Friends / Family ,iOS
241,Opera 53.0.2907,Indonesia,2018-06-23 14:11:43,desktop,Search Engine,Windows 10,https://algorit.ma/,00000000,Search Engine,Windows
242,Chrome Mobile 56.0.2924,Indonesia,2018-06-23 14:44:19,phone,Social Media / Online Ads,Android 5.1,https://algorit.ma/,00000000,Social Media / Online Ads,Android
243,Chrome Mobile 67.0.3396,Indonesia,2018-06-24 12:06:51,phone,Search Engine,Android 7.0,https://algorit.ma/,00000000,Search Engine,Android
244,Chrome 67.0.3396,Indonesia,2018-06-25 03:14:14,desktop,Social Media / Online Ads,Windows 8,https://algorit.ma/,00000000,Social Media / Online Ads,Windows
245,Chromium 66.0.3359,Indonesia,2018-06-25 05:43:25,desktop,Social Media / Online Ads,Ubuntu,https://algorit.ma/,00000000,Social Media / Online Ads,Linux
246,Chrome 56.0.2924,Indonesia,2018-06-25 06:51:44,desktop,Search Engine,Linux,https://algorit.ma/,00000000,Search Engine,Linux
247,Chrome 67.0.3396,Indonesia,2018-06-26 07:32:14,desktop,Media Publishing,Windows 10,https://algorit.ma/,00000000,Media Publishing,Windows
248,Chrome 66.0.3359,Indonesia,2018-06-26 08:14:10,desktop,Social Media / Online Ads,Windows 10,https://algorit.ma/,00000000,Social Media / Online Ads,Windows
249,Chrome 49.0.2623,Indonesia,2018-06-26 18:41:30,desktop,Social Media / Online Ads,Mac OS X 10.6.8,https://algorit.ma/,00000000,Social Media / Online Ads,Mac
250,Chrome 67.0.3396,Indonesia,2018-06-26 23:09:34,desktop,Media Publishing,Windows 10,https://algorit.ma/,00000000,Media Publishing,Windows
251,Firefox 61.0,Indonesia,2018-06-28 08:12:17,desktop,Social Media / Online Ads,Windows 7,https://algorit.ma/,00000000,Social Media / Online Ads,Windows
252,Chrome 67.0.3396,Indonesia,2018-06-28 15:49:25,desktop,Media Publishing,Windows 8,https://algorit.ma/,00000000,Media Publishing,Windows
253,Chrome 68.0.3440,Indonesia,2018-06-29 07:55:20,desktop,Media Publishing,Windows 7,https://algorit.ma/,00000000,Media Publishing,Windows
254,Chrome 67.0.3396,Indonesia,2018-06-29 08:04:58,desktop,"Others - urbanhire
",Windows 10,https://algorit.ma/,00000000,Others ,Windows
255,Chrome 67.0.3396,Indonesia,2018-06-30 02:33:13,desktop,Social Media / Online Ads,Windows 10,https://algorit.ma/,00000000,Social Media / Online Ads,Windows
256,Chrome 67.0.3396,Indonesia,2018-06-30 07:30:04,desktop,Search Engine,Windows 10,https://algorit.ma/,00000000,Search Engine,Windows
257,Chromium 66.0.3359,Indonesia,2018-06-30 13:01:57,desktop,Social Media / Online Ads,Ubuntu,https://algorit.ma/,00000000,Social Media / Online Ads,Linux
258,Chrome 67.0.3396,Indonesia,2018-06-30 13:57:09,desktop,Others - Web,Windows 8.1,https://algorit.ma/?utm_source=Forum&utm_medium=sekolahkoding,00000000,Others ,Windows
259,Chrome 67.0.3396,Indonesia,2018-06-30 17:00:35,desktop,Others - GO-JEK,Windows 10,https://algorit.ma/,00000000,Others ,Windows
260,Chrome 67.0.3396,Indonesia,2018-06-30 17:30:22,desktop,Search Engine,Windows 10,https://algorit.ma/,00000000,Search Engine,Windows
261,Chrome 67.0.3396,Indonesia,2018-07-02 02:31:19,desktop,Media Publishing,Windows 10,https://algorit.ma/,00000000,Media Publishing,Windows
262,Chrome 67.0.3396,United States,2018-07-02 04:24:29,desktop,Others - Gojek Apps,Windows 10,https://algorit.ma/,00000000,Others ,Windows
263,Chrome 67.0.3396,Indonesia,2018-07-02 06:23:22,desktop,Media Publishing,Windows 10,https://algorit.ma/,00000000,Media Publishing,Windows
264,Chrome 67.0.3396,Indonesia,2018-07-02 11:26:43,desktop,Media Publishing,Windows 10,https://algorit.ma/,00000000,Media Publishing,Windows
265,Chrome 67.0.3396,Indonesia,2018-07-02 14:06:55,desktop,Others - seminar,Windows 8.1,https://algorit.ma/,00000000,Others ,Windows
266,Chrome 67.0.3396,Indonesia,2018-07-02 15:16:50,desktop,Media Publishing,Windows 10,https://algorit.ma/,00000000,Media Publishing,Windows
267,Chrome 67.0.3396,Indonesia,2018-07-03 02:11:56,desktop,Media Publishing,Windows 10,https://algorit.ma/,00000000,Media Publishing,Windows
268,Chrome 67.0.3396,Indonesia,2018-07-03 02:41:15,desktop,Search Engine,Windows 7,https://algorit.ma/,00000000,Search Engine,Windows
269,Chrome 67.0.3396,Malaysia,2018-07-03 08:09:57,desktop,Media Publishing,Mac OS X 10.13.3,https://algorit.ma/,00000000,Media Publishing,Mac
270,Chrome 67.0.3396,Indonesia,2018-07-03 10:17:15,desktop,Others - GOJEK ,Windows 10,https://algorit.ma/,00000000,Others ,Windows
271,Chrome Mobile 67.0.3396,Indonesia,2018-07-04 06:11:29,phone,Social Media / Online Ads,Android 6.0.1,https://algorit.ma/?user_ref=www.kalibrr.id_organic_login,00000000,Social Media / Online Ads,Android
272,Chrome 67.0.3396,Indonesia,2018-07-06 01:53:51,desktop,Email,Mac OS X 10.13.0,https://algorit.ma/,00000000,Email,Mac
273,Chrome 67.0.3396,Indonesia,2018-07-06 02:26:29,desktop,Search Engine,Windows 10,https://algorit.ma/,00000000,Search Engine,Windows
274,Chrome 67.0.3396,Indonesia,2018-07-06 16:31:58,desktop,Search Engine,Windows 10,https://algorit.ma/,00000000,Search Engine,Windows
275,Chrome 67.0.3396,Indonesia,2018-07-07 18:10:33,desktop,Social Media / Online Ads,Windows 7,https://algorit.ma/,00000000,Social Media / Online Ads,Windows
276,Chrome 67.0.3396,Indonesia,2018-07-08 13:39:08,desktop,Search Engine,Windows 10,https://algorit.ma/,00000000,Search Engine,Windows
277,Chrome 67.0.3396,Indonesia,2018-07-09 03:09:37,desktop,"Others - internet
",Windows 10,https://algorit.ma/,00000000,Others ,Windows
278,Chrome 67.0.3396,Indonesia,2018-07-09 12:11:42,desktop,Social Media / Online Ads,Windows 10,https://algorit.ma/,00000000,Social Media / Online Ads,Windows
279,Chrome 67.0.3396,Japan,2018-07-10 08:51:51,desktop,Search Engine,Windows 8.1,https://algorit.ma/,00000000,Search Engine,Windows
280,Chrome 65.0.3325,Indonesia,2018-07-13 06:47:29,desktop,Search Engine,Windows 7,https://algorit.ma/,00000000,Search Engine,Windows
281,Chrome 67.0.3396,Indonesia,2018-07-13 10:51:02,desktop,Others - youtube,Windows 10,https://algorit.ma/,00000000,Others ,Windows
282,Chrome 67.0.3396,Indonesia,2018-07-13 15:24:32,desktop,Others - seminar,Windows 10,https://algorit.ma/,00000000,Others ,Windows
283,Chrome 67.0.3396,Indonesia,2018-07-15 12:08:13,desktop,Others - Youtube,Mac OS X 10.12.6,https://algorit.ma/,00000000,Others ,Mac
284,Chrome 67.0.3396,Indonesia,2018-07-16 08:53:27,desktop,Search Engine,Windows 10,https://algorit.ma/,00000000,Search Engine,Windows
285,Chrome 67.0.3396,Indonesia,2018-07-17 02:49:41,desktop,Search Engine,Windows 7,https://algorit.ma/,00000000,Search Engine,Windows
286,Chrome 67.0.3396,Indonesia,2018-07-17 07:28:58,desktop,Social Media / Online Ads,Windows 7,https://algorit.ma/?user_ref=www.kalibrr.id_organic_job-board__te__management-trainee__5,00000000,Social Media / Online Ads,Windows
287,Edge 15.15063,Indonesia,2018-07-17 09:20:07,desktop,Others - someone tell me,Windows 10,https://algorit.ma/,00000000,Others ,Windows
288,Chrome 67.0.3396,Indonesia,2018-07-17 11:24:49,desktop,Search Engine,Windows 10,https://algorit.ma/?user_ref=recruitment.bni.co.id_organic_index.php__artikel__detail__odp,00000000,Search Engine,Windows
289,Chrome 67.0.3396,Indonesia,2018-07-18 05:58:01,desktop,Search Engine,Windows 10,https://algorit.ma/,00000000,Search Engine,Windows
290,Chrome 67.0.3396,Indonesia,2018-07-18 16:56:31,desktop,Media Publishing,Windows 10,https://algorit.ma/,00000000,Media Publishing,Windows
291,Chrome Mobile 67.0.3396,Indonesia,2018-07-19 14:09:23,phone,Social Media / Online Ads,Android 7.1.2,https://algorit.ma/,00000000,Social Media / Online Ads,Android
292,Chrome 67.0.3396,Indonesia,2018-07-20 02:17:45,desktop,Search Engine,Mac OS X 10.10.5,https://algorit.ma/,00000000,Search Engine,Mac
293,Chrome 67.0.3396,Indonesia,2018-07-20 03:31:51,desktop,Social Media / Online Ads,Mac OS X 10.10.1,https://algorit.ma/,00000000,Social Media / Online Ads,Mac
294,Opera 54.0.2952,Indonesia,2018-07-21 04:01:02,desktop,Social Media / Online Ads,Windows 10,https://algorit.ma/,00000000,Social Media / Online Ads,Windows
295,Chrome 67.0.3396,Indonesia,2018-07-21 17:12:28,desktop,Media Publishing,Windows 10,https://algorit.ma/,00000000,Media Publishing,Windows
296,Firefox 61.0,Indonesia,2018-07-23 07:57:18,desktop,Social Media / Online Ads,Windows 8.1,https://algorit.ma/,00000000,Social Media / Online Ads,Windows
297,Chrome 67.0.3396,Indonesia,2018-07-23 13:22:01,desktop,Search Engine,Windows 10,https://algorit.ma/,00000000,Search Engine,Windows
298,Firefox 61.0,Indonesia,2018-07-24 01:09:30,desktop,Others - google,Windows 7,https://algorit.ma/,00000000,Others ,Windows
299,Chrome 67.0.3396,Indonesia,2018-07-24 04:14:09,desktop,Friends / Family - Sam!,Mac OS X 10.13.5,https://algorit.ma/,00000000,Friends / Family ,Mac
300,Chrome 67.0.3396,Indonesia,2018-07-24 12:40:47,desktop,Search Engine,Windows 10,https://algorit.ma/,00000000,Search Engine,Windows
301,Chrome 67.0.3396,Indonesia,2018-07-25 02:22:25,desktop,Social Media / Online Ads,Windows 7,https://algorit.ma/,00000000,Social Media / Online Ads,Windows
302,Firefox 61.0,Indonesia,2018-07-25 07:02:06,desktop,Others - workshop,Windows 7,https://algorit.ma/,00000000,Others ,Windows
303,Chrome 43.0.2357,Indonesia,2018-07-26 14:08:28,desktop,Media Publishing,Windows 7,https://algorit.ma/,00000000,Media Publishing,Windows
304,Chrome 67.0.3396,Malaysia,2018-07-27 17:41:28,desktop,Friends / Family - Zoe Lee,Windows 8.1,https://algorit.ma/,00000000,Friends / Family ,Windows
305,Chrome 67.0.3396,Indonesia,2018-07-28 08:57:17,desktop,Social Media / Online Ads,Windows 10,https://algorit.ma/,00000000,Social Media / Online Ads,Windows
306,Firefox 39.0,Indonesia,2018-07-29 07:58:00,desktop,Search Engine,Windows 7,https://algorit.ma/,00000000,Search Engine,Windows
307,Mobile Safari 11.0,Indonesia,2018-07-29 13:17:22,phone,Media Publishing,iOS 11.2.5,https://algorit.ma/,00000000,Media Publishing,iOS
308,Firefox 61.0,Indonesia,2018-07-29 17:23:00,desktop,Search Engine,Mac OS X 10.13,https://algorit.ma/,00000000,Search Engine,Mac
309,Opera 54.0.2952,Indonesia,2018-07-30 10:27:38,desktop,Others - ADSvokat.com blog,Windows 10,https://algorit.ma/,00000000,Others ,Windows
310,Firefox 43.0,Indonesia,2018-07-31 05:05:10,desktop,Email,Windows 7,https://algorit.ma/,00000000,Email,Windows
311,Chrome 67.0.3396,Indonesia,2018-07-31 08:23:42,desktop,Search Engine,Windows 10,https://algorit.ma/,00000000,Search Engine,Windows
312,Chrome 67.0.3396,Indonesia,2018-08-01 02:18:46,desktop,Media Publishing,Windows 7,https://algorit.ma/,00000000,Media Publishing,Windows
313,Chrome 67.0.3396,Indonesia,2018-08-01 03:35:51,desktop,Social Media / Online Ads,Windows 7,https://algorit.ma/,00000000,Social Media / Online Ads,Windows
314,Firefox 57.0,Indonesia,2018-08-01 07:29:42,desktop,Media Publishing,Ubuntu,https://algorit.ma/,00000000,Media Publishing,Linux
315,Chrome 68.0.3440,Indonesia,2018-08-01 08:58:33,desktop,Social Media / Online Ads,Windows 7,https://algorit.ma/,00000000,Social Media / Online Ads,Windows
316,Chrome 66.0.3359,Indonesia,2018-08-04 07:18:51,desktop,Search Engine,Mac OS X 10.10.5,https://algorit.ma/,00000000,Search Engine,Mac
317,Opera 54.0.2952,Indonesia,2018-08-04 14:37:52,desktop,Media Publishing,Windows 10,https://algorit.ma/,00000000,Media Publishing,Windows
318,Chrome 67.0.3396,Indonesia,2018-08-05 10:26:03,desktop,Media Publishing,Windows 8.1,https://algorit.ma/,00000000,Media Publishing,Windows
319,Chrome 65.0.3325,Indonesia,2018-08-05 14:01:30,desktop,Search Engine,Windows 10,https://algorit.ma/,00000000,Search Engine,Windows
320,Chrome 67.0.3396,Indonesia,2018-08-06 01:24:10,desktop,Friends / Family - a friend who work in algoritma,Windows 10,https://algorit.ma/,00000000,Friends / Family ,Windows
321,Chrome 67.0.3396,Indonesia,2018-08-06 01:45:11,desktop,Search Engine,Windows 10,https://algorit.ma/,00000000,Search Engine,Windows
322,Opera 54.0.2952,Bangladesh,2018-08-07 03:16:53,desktop,Social Media / Online Ads,Windows 10,https://algorit.ma/,00000000,Social Media / Online Ads,Windows
323,Chrome 68.0.3440,Indonesia,2018-08-08 03:28:41,desktop,Search Engine,Windows 10,https://algorit.ma/,00000000,Search Engine,Windows
324,Chrome 67.0.3396,Lithuania,2018-08-09 10:08:11,desktop,Search Engine,Windows 10,https://algorit.ma/,00000000,Search Engine,Windows
325,Chrome 68.0.3440,Indonesia,2018-08-10 02:17:21,desktop,Social Media / Online Ads,Windows 10,https://algorit.ma/,00000000,Social Media / Online Ads,Windows
326,Opera 54.0.2952,Indonesia,2018-08-11 08:39:40,desktop,Media Publishing,Windows 10,https://algorit.ma/,00000000,Media Publishing,Windows
327,Chrome 68.0.3440,Indonesia,2018-08-12 01:17:43,desktop,Social Media / Online Ads,Mac OS X 10.11.4,https://algorit.ma/,00000000,Social Media / Online Ads,Mac
328,Chrome 68.0.3440,Indonesia,2018-08-13 03:28:01,desktop,Others - Gojek,Windows 10,https://algorit.ma/,00000000,Others ,Windows
329,Chrome 68.0.3440,Indonesia,2018-08-13 04:13:37,desktop,Search Engine,Windows 7,https://algorit.ma/,00000000,Search Engine,Windows
330,Chrome 68.0.3440,Indonesia,2018-08-13 21:43:31,desktop,Media Publishing,Linux,https://algorit.ma/,00000000,Media Publishing,Linux
331,Chrome Mobile 68.0.3440,Indonesia,2018-08-14 17:22:40,phone,Friends / Family - Friends. Student of unikom jogja,Android 7.0,https://algorit.ma/,00000000,Friends / Family ,Android
332,Chrome 68.0.3440,Indonesia,2018-08-14 19:01:20,desktop,Friends / Family - sofyan,Windows 10,https://algorit.ma/,00000000,Friends / Family ,Windows
333,Firefox 61.0,Indonesia,2018-08-15 02:02:54,desktop,Media Publishing,Windows 7,https://algorit.ma/,00000000,Media Publishing,Windows
334,Chrome 68.0.3440,Indonesia,2018-08-15 08:40:29,desktop,Search Engine,Windows 10,https://algorit.ma/,00000000,Search Engine,Windows
335,Chrome 68.0.3440,Indonesia,2018-08-15 08:58:23,desktop,Social Media / Online Ads,Windows 7,https://algorit.ma/,00000000,Social Media / Online Ads,Windows
336,Chrome 68.0.3440,Indonesia,2018-08-15 11:36:32,desktop,Social Media / Online Ads,Windows 10,https://algorit.ma/,00000000,Social Media / Online Ads,Windows
337,Chrome 68.0.3440,Indonesia,2018-08-15 23:54:44,desktop,Social Media / Online Ads,Windows 7,https://algorit.ma/,00000000,Social Media / Online Ads,Windows
338,Firefox 62.0,Indonesia,2018-08-16 01:30:23,desktop,Others - Saya nyari sendiri,Windows 10,https://algorit.ma/,00000000,Others ,Windows
339,Firefox 58.0,Indonesia,2018-08-16 11:23:46,desktop,Search Engine,Windows 10,https://algorit.ma/,00000000,Search Engine,Windows
340,Chrome 67.0.3396,Indonesia,2018-08-17 07:25:56,desktop,Media Publishing,Windows 10,https://algorit.ma/,00000000,Media Publishing,Windows
341,Chrome 68.0.3440,Indonesia,2018-08-18 06:12:13,desktop,Search Engine,Windows 10,https://algorit.ma/,00000000,Search Engine,Windows
342,Chrome 68.0.3440,Indonesia,2018-08-18 09:05:05,desktop,Others - koinworks,Windows 7,https://algorit.ma/,00000000,Others ,Windows
343,Chrome 68.0.3440,Indonesia,2018-08-18 10:43:11,desktop,Media Publishing,Windows 7,https://algorit.ma/?user_ref=www.kalibrr.id_organic_job-board__1,00000000,Media Publishing,Windows
344,Vivaldi 1.96.1147,Indonesia,2018-08-18 19:17:54,desktop,Others - https://koinworks.com/id/pinjaman/dana-pendidikan#it,Windows 8.1,https://algorit.ma/,00000000,Others ,Windows
345,Firefox 61.0,Indonesia,2018-08-19 06:28:58,desktop,Social Media / Online Ads,Windows 10,https://algorit.ma/,00000000,Social Media / Online Ads,Windows
346,Chrome 68.0.3440,Indonesia,2018-08-19 15:26:19,desktop,Search Engine,Windows 10,https://algorit.ma/,00000000,Search Engine,Windows
347,Firefox 61.0,Indonesia,2018-08-20 02:32:13,desktop,Search Engine,Windows 8.1,https://algorit.ma/,00000000,Search Engine,Windows
348,Firefox 61.0,Indonesia,2018-08-20 07:26:33,desktop,Media Publishing,Windows 8.1,https://algorit.ma/,00000000,Media Publishing,Windows
349,Chrome 68.0.3440,Indonesia,2018-08-21 09:23:14,desktop,Search Engine,Windows 10,https://algorit.ma/,00000000,Search Engine,Windows
350,Firefox 62.0,Indonesia,2018-08-21 18:55:27,desktop,Search Engine,Windows 7,https://algorit.ma/,00000000,Search Engine,Windows
351,Chrome 68.0.3440,Indonesia,2018-08-22 05:08:08,desktop,Media Publishing,Mac OS X 10.11.0,https://algorit.ma/,00000000,Media Publishing,Mac
352,Chrome 68.0.3440,Indonesia,2018-08-22 22:10:19,desktop,Search Engine,Windows 10,https://algorit.ma/,00000000,Search Engine,Windows
353,Chrome 68.0.3440,Indonesia,2018-08-23 01:24:11,desktop,Social Media / Online Ads,Windows 7,https://algorit.ma/,00000000,Social Media / Online Ads,Windows
354,Chrome 68.0.3440,Indonesia,2018-08-23 07:01:19,desktop,Search Engine,Windows 7,https://algorit.ma/,00000000,Search Engine,Windows
355,Firefox 61.0,Indonesia,2018-08-24 16:17:30,desktop,Media Publishing,Windows 10,https://algorit.ma/,00000000,Media Publishing,Windows
356,Chrome 68.0.3440,Indonesia,2018-08-25 03:27:56,desktop,Search Engine,Windows 10,https://algorit.ma/,00000000,Search Engine,Windows
357,Chrome 68.0.3440,Indonesia,2018-08-26 01:15:51,desktop,Social Media / Online Ads,Windows 10,https://algorit.ma/,00000000,Social Media / Online Ads,Windows
358,Chrome 68.0.3440,Indonesia,2018-08-27 01:10:32,desktop,Media Publishing,Windows 7,https://algorit.ma/,00000000,Media Publishing,Windows
359,Maxthon 5.1.3,Indonesia,2018-08-27 06:18:46,desktop,Email,Windows 7,https://algorit.ma/,00000000,Email,Windows
360,Chrome 68.0.3440,Indonesia,2018-08-27 07:08:08,desktop,Search Engine,Windows 10,https://algorit.ma/,00000000,Search Engine,Windows
361,Chrome 65.0.3325,Indonesia,2018-08-27 11:12:06,desktop,Email,Windows 10,https://algorit.ma/,00000000,Email,Windows
362,Chrome 68.0.3440,Indonesia,2018-08-28 13:08:46,desktop,Social Media / Online Ads,Mac OS X 10.13.6,https://algorit.ma/,00000000,Social Media / Online Ads,Mac
363,Firefox 61.0,Indonesia,2018-08-29 03:25:26,desktop,Social Media / Online Ads,Windows 7,https://algorit.ma/,00000000,Social Media / Online Ads,Windows
364,Chrome 68.0.3440,Indonesia,2018-08-29 06:58:16,desktop,Media Publishing,Windows 10,https://algorit.ma/,00000000,Media Publishing,Windows
365,Chrome 68.0.3440,Indonesia,2018-08-29 19:51:42,desktop,Social Media / Online Ads,Windows 10,https://algorit.ma/,00000000,Social Media / Online Ads,Windows
366,Edge 17.17134,Indonesia,2018-08-30 03:49:42,desktop,Friends / Family - lala,Windows 10,https://algorit.ma/,00000000,Friends / Family ,Windows
367,Chrome Mobile 56.0.2924,Indonesia,2018-08-31 02:10:35,phone,Social Media / Online Ads,Android 7.0,https://algorit.ma/,00000000,Social Media / Online Ads,Android
368,Chrome 68.0.3440,Indonesia,2018-08-31 03:05:23,desktop,Media Publishing,Windows 10,https://algorit.ma/,00000000,Media Publishing,Windows
369,Chrome 68.0.3440,Indonesia,2018-08-31 03:06:12,desktop,Social Media / Online Ads,Windows 10,https://algorit.ma/,00000000,Social Media / Online Ads,Windows
370,Chrome 68.0.3440,Indonesia,2018-09-01 14:36:35,desktop,Others - finhacks,Windows 10,https://algorit.ma/,00000000,Others ,Windows
371,Chrome 68.0.3440,Indonesia,2018-09-03 06:19:54,desktop,Search Engine,Windows 10,https://algorit.ma/,00000000,Search Engine,Windows
372,Chrome 68.0.3440,Indonesia,2018-09-03 08:52:34,desktop,Social Media / Online Ads,Windows 7,https://algorit.ma/,00000000,Social Media / Online Ads,Windows
373,Chrome 68.0.3440,Indonesia,2018-09-04 01:51:19,desktop,Search Engine,Windows 10,https://algorit.ma/,00000000,Search Engine,Windows
374,Chrome 69.0.3497,Indonesia,2018-09-05 08:12:31,desktop,Search Engine,Windows 8.1,https://algorit.ma/,00000000,Search Engine,Windows
375,Chrome 68.0.3440,Indonesia,2018-09-05 12:02:41,desktop,Media Publishing,Windows 7,https://algorit.ma/,00000000,Media Publishing,Windows
376,Opera 55.0.2994,,2018-09-06 06:03:52,desktop,Search Engine,Windows 7,https://algorit.ma/,00000000,Search Engine,Windows
377,Chrome 68.0.3440,Indonesia,2018-09-06 10:43:55,desktop,Social Media / Online Ads,Windows 10,https://algorit.ma/,00000000,Social Media / Online Ads,Windows
378,Chrome Mobile 68.0.3440,Singapore,2018-09-06 12:56:09,phone,Search Engine,Android 5.1,https://algorit.ma/,00000000,Search Engine,Android
379,Chrome Mobile 67.0.3396,Indonesia,2018-09-06 16:01:03,phone,Others - gojek,Android 6.0,https://algorit.ma/,00000000,Others ,Android
380,Chrome 68.0.3440,Indonesia,2018-09-07 03:35:08,desktop,Search Engine,Windows 10,https://algorit.ma/,00000000,Search Engine,Windows
381,Chrome 68.0.3440,Indonesia,2018-09-07 08:17:32,desktop,Media Publishing,Windows 8.1,https://algorit.ma/,00000000,Media Publishing,Windows
382,Chrome 68.0.3440,Indonesia,2018-09-07 13:59:14,desktop,Media Publishing,Windows 7,https://algorit.ma/,00000000,Media Publishing,Windows
383,Firefox 62.0,Indonesia,2018-09-07 23:55:23,desktop,Social Media / Online Ads,Windows 8.1,https://algorit.ma/,00000000,Social Media / Online Ads,Windows
384,Firefox 62.0,Indonesia,2018-09-08 07:19:49,desktop,Media Publishing,Ubuntu,https://algorit.ma/,00000000,Media Publishing,Linux
385,Firefox 61.0,Indonesia,2018-09-08 08:08:50,desktop,Search Engine,Windows 7,https://algorit.ma/,00000000,Search Engine,Windows
386,Safari 11.1.2,Indonesia,2018-09-09 09:36:43,desktop,Media Publishing,Mac OS X 10.13.6,https://algorit.ma/,00000000,Media Publishing,Mac
387,Firefox 61.0,Indonesia,2018-09-09 14:46:31,desktop,Social Media / Online Ads,Windows 10,https://algorit.ma/,00000000,Social Media / Online Ads,Windows
388,Chrome 63.0.3239,Indonesia,2018-09-10 07:49:32,desktop,"Others - telegram
",Linux,https://algorit.ma/,00000000,Others ,Linux
389,Chrome 68.0.3440,Indonesia,2018-09-11 17:33:58,desktop,"Others - finhacks, BCA",Windows 7,https://algorit.ma/,00000000,Others ,Windows
390,Chrome 68.0.3440,Indonesia,2018-09-12 01:45:18,desktop,Social Media / Online Ads,Windows 10,https://algorit.ma/,00000000,Social Media / Online Ads,Windows
391,Chrome 68.0.3440,Indonesia,2018-09-13 01:54:50,desktop,Others - i just know,Windows 10,https://algorit.ma/#top,00000000,Others ,Windows
392,Chrome 69.0.3497,Indonesia,2018-09-13 02:41:31,desktop,Search Engine,Windows 7,https://algorit.ma/,00000000,Search Engine,Windows
393,Safari 11.1.2,Indonesia,2018-09-13 03:35:52,desktop,Social Media / Online Ads,Mac OS X 10.13.6,https://algorit.ma/,00000000,Social Media / Online Ads,Mac
394,Opera 55.0.2994,Indonesia,2018-09-13 04:49:22,desktop,Search Engine,Windows 7,https://algorit.ma/,00000000,Search Engine,Windows
395,Firefox 62.0,Indonesia,2018-09-13 06:17:32,desktop,Search Engine,Windows 7,https://algorit.ma/,00000000,Search Engine,Windows
396,Safari 11.1,Indonesia,2018-09-14 05:38:55,desktop,Media Publishing,Mac OS X 10.13.4,https://algorit.ma/,00000000,Media Publishing,Mac
397,UC Browser 12.9.2,Indonesia,2018-09-14 10:56:06,phone,Social Media / Online Ads,Android 6.0.1,https://algorit.ma/,00000000,Social Media / Online Ads,Android
398,Chrome 69.0.3497,Indonesia,2018-09-14 15:13:44,desktop,Media Publishing,Linux,https://algorit.ma/,00000000,Media Publishing,Linux
399,Chrome 68.0.3440,Indonesia,2018-09-15 03:11:16,desktop,Social Media / Online Ads,Windows 7,https://algorit.ma/,00000000,Social Media / Online Ads,Windows
400,Chrome 69.0.3497,Indonesia,2018-09-15 03:33:13,desktop,Search Engine,Windows 7,https://algorit.ma/,00000000,Search Engine,Windows
401,Chrome 68.0.3440,Indonesia,2018-09-17 01:34:53,desktop,Search Engine,Windows 10,https://algorit.ma/,00000000,Search Engine,Windows
402,Chrome 68.0.3440,Indonesia,2018-09-17 04:20:53,desktop,Search Engine,Windows 10,https://algorit.ma/,00000000,Search Engine,Windows
403,Chrome 68.0.3440,Indonesia,2018-09-17 07:32:55,desktop,Search Engine,Windows 7,https://algorit.ma/,00000000,Search Engine,Windows
404,Chrome 68.0.3440,Indonesia,2018-09-17 10:23:34,desktop,Social Media / Online Ads,Mac OS X 10.11.6,https://algorit.ma/,00000000,Social Media / Online Ads,Mac
405,Chrome 68.0.3440,Indonesia,2018-09-18 04:30:33,desktop,Media Publishing,Windows 10,https://algorit.ma/,00000000,Media Publishing,Windows
406,Chrome 69.0.3497,Indonesia,2018-09-18 07:29:15,desktop,Social Media / Online Ads,Windows 8.1,https://algorit.ma/,00000000,Social Media / Online Ads,Windows
407,Chrome 69.0.3497,Indonesia,2018-09-18 10:44:30,desktop,Search Engine,Windows 10,https://algorit.ma/,00000000,Search Engine,Windows
408,Firefox 62.0,Indonesia,2018-09-20 04:53:29,desktop,Others - campus,Windows 10,https://algorit.ma/,00000000,Others ,Windows
